INSERT INTO CUSTOMER (id, first_name, last_name, username)
VALUES (1, 'Rebekah', 'Barry', 'Vivamus.rhoncus.Donec@convallis.net'),
       (2, 'Chloe', 'Hawkins', 'quam.Pellentesque@liberoet.org'),
       (3, 'Lyle', 'Ross', 'amet.ornare.lectus@pede.edu'),
       (4, 'Orson', 'Hicks', 'mollis.vitae.posuere@nonmassanon.ca'),
       (5, 'Adam', 'Grimes', 'amet.diam.eu@ullamcorpereueuismod.co.uk'),
       (6, 'Yasir', 'Reese', 'Sed.molestie.Sed@Aenean.org'),
       (7, 'Jael', 'Pierce', 'Pellentesque@scelerisque.org'),
       (8, 'Abigail', 'Harrell', 'vehicula.et@Donectempor.org'),
       (9, 'Upton', 'Bradley', 'iaculis.aliquet.diam@Suspendissenonleo.com'),
       (10, 'Shana', 'Harvey', 'varius.ultrices@et.edu');

INSERT INTO LOCATION (id, city, country, county, name, street)
VALUES (1, 'Husum', 'Belarus', 'Saarland', 'Et Rutrum Non LLC', '769-9215 Pharetra Avenue'),
       (2, 'Vienna', 'Oman', 'Vienna', 'Nullam LLP', 'Ap #166-2784 Cubilia Av.'),
       (3, 'Bauchi', 'China', 'BA', 'Dui Cum Corporation', '318-4194 Egestas Avenue'),
       (4, 'Cork', 'Niue', 'Munster', 'Lorem LLC', '9220 Odio Rd.'),
       (5, 'Kurnool', 'Qatar', 'Andhra Pradesh', 'Auctor Limited', 'Ap #959-264 Risus. Avenue'),
       (6, 'Boo', 'Colombia', 'AB', 'Eget Dictum Placerat Consulting', '435-8479 Ultricies Road'),
       (7, 'Kano', 'Cape Verde', 'KN', 'Libero LLP', '738-6131 Justo. St.'),
       (8, 'Lo Prado', 'Mali', 'Metropolitana de Santiago', 'Diam Lorem Auctor Consulting',
        'P.O. Box 580, 9114 Erat Street'),
       (9, 'Bareilly', 'Jamaica', 'Uttar Pradesh', 'Gravida Aliquam Tincidunt LLC',
        'P.O. Box 169, 4801 Augue Avenue'),
       (10, 'Fairbanks', 'Saint Kitts and Nevis', 'AK', 'Aliquet Corp.', '231-3828 Risus. Ave');

INSERT INTO PRODUCT_CATEGORY (id, description, name)
VALUES (1, 'porttitor eros nec tellus. Nunc', 'Notebook'),
       (2, 'magna a neque. Nullam ut', 'Headset'),
       (3, 'tincidunt, nunc ac mattis ornare,', 'Bike'),
       (4, 'tincidunt, nunc', 'Others'),
       (5, 'ac mattis ornare,', 'Home');

INSERT INTO SUPPLIER (id, name)
VALUES (1, 'Dell'),
       (2, 'HP'),
       (3, 'Asus'),
       (4, 'Pegas'),
       (5, 'Qwewet'),
       (6, 'Asdfd'),
       (7, 'Bxvxz'),
       (8, 'LKJHG'),
       (9, 'SuperSupplier'),
       (10, 'Bose');

INSERT INTO PRODUCT (id, description, name, price, weight, category_id, supplier_id)
VALUES (1, 'Curabitur convallis. Duis consequat dui nec nisi volutpat eleifend. Donec ut dolor.', 'Gates of Heaven',
        1516.23, 15.2, 2, 8),
       (2,
        'Duis aliquam convallis nunc. Proin at turpis a pede posuere nonummy. Integer non velit. Donec diam neque, vestibulum eget, vulputate ut, ultrices vel, augue. Vestibulum ante ipsum primis in faucibus orci luctus et ultrices posuere cubilia Curae; Donec pharetra, magna vestibulum aliquet ultrices, erat tortor sollicitudin mi, sit amet lobortis sapien sapien non mi. Integer ac neque. Duis bibendum. Morbi non quam nec dui luctus rutrum. Nulla tellus. In sagittis dui vel nisl.',
        'Night Falls on Manhattan', 1463.35, 13.0, 5, 2),
       (3,
        'Etiam vel augue. Vestibulum rutrum rutrum neque. Aenean auctor gravida sem. Praesent id massa id nisl venenatis lacinia. Aenean sit amet justo. Morbi ut odio. Cras mi pede, malesuada in, imperdiet et, commodo vulputate, justo. In blandit ultrices enim. Lorem ipsum dolor sit amet, consectetuer adipiscing elit.',
        'Deadline at Dawn', 320.54, 20.8, 3, 9),
       (4,
        'Nulla tellus. In sagittis dui vel nisl. Duis ac nibh. Fusce lacus purus, aliquet at, feugiat non, pretium quis, lectus. Suspendisse potenti.',
        'Lethal Weapon 4', 1094.66, 10.1, 3, 2),
       (5,
        'Curabitur convallis. Duis consequat dui nec nisi volutpat eleifend. Donec ut dolor. Morbi vel lectus in quam fringilla rhoncus. Mauris enim leo, rhoncus sed, vestibulum sit amet, cursus id, turpis.',
        'Running Scared', 1712.1, 16.5, 4, 6),
       (6,
        'Maecenas pulvinar lobortis est. Phasellus sit amet erat. Nulla tempus. Vivamus in felis eu sapien cursus vestibulum.',
        'Digging to China', 1282.32, 21.5, 3, 1),
       (7,
        'Duis aliquam convallis nunc. Proin at turpis a pede posuere nonummy. Integer non velit. Donec diam neque, vestibulum eget, vulputate ut, ultrices vel, augue. Vestibulum ante ipsum primis in faucibus orci luctus et ultrices posuere cubilia Curae; Donec pharetra, magna vestibulum aliquet ultrices, erat tortor sollicitudin mi, sit amet lobortis sapien sapien non mi. Integer ac neque. Duis bibendum. Morbi non quam nec dui luctus rutrum. Nulla tellus.',
        'Forever Amber', 144.58, 7.6, 1, 3),
       (8,
        'Suspendisse potenti. Nullam porttitor lacus at turpis. Donec posuere metus vitae ipsum. Aliquam non mauris. Morbi non lectus. Aliquam sit amet diam in magna bibendum imperdiet. Nullam orci pede, venenatis non, sodales sed, tincidunt eu, felis. Fusce posuere felis sed lacus.',
        'Mother Dao, the Turtlelike (Moeder Dao, de schildpadgelijkende)', 1121.66, 1.1, 2, 10),
       (9,
        'Morbi quis tortor id nulla ultrices aliquet. Maecenas leo odio, condimentum id, luctus nec, molestie sed, justo. Pellentesque viverra pede ac diam. Cras pellentesque volutpat dui. Maecenas tristique, est et tempus semper, est quam pharetra magna, ac consequat metus sapien ut nunc. Vestibulum ante ipsum primis in faucibus orci luctus et ultrices posuere cubilia Curae; Mauris viverra diam vitae quam. Suspendisse potenti. Nullam porttitor lacus at turpis.',
        'Shaolin Wooden Men (Shao Lin mu ren xiang)', 1044.27, 14.8, 1, 5),
       (10,
        'Curabitur convallis. Duis consequat dui nec nisi volutpat eleifend. Donec ut dolor. Morbi vel lectus in quam fringilla rhoncus. Mauris enim leo, rhoncus sed, vestibulum sit amet, cursus id, turpis.',
        'Grief', 499.83, 15.9, 5, 1),
       (11,
        'Nunc rhoncus dui vel sem. Sed sagittis. Nam congue, risus semper porta volutpat, quam pede lobortis ligula, sit amet eleifend pede libero quis orci. Nullam molestie nibh in lectus. Pellentesque at nulla. Suspendisse potenti. Cras in purus eu magna vulputate luctus. Cum sociis natoque penatibus et magnis dis parturient montes, nascetur ridiculus mus.',
        'Down to You', 280.46, 1.4, 1, 5),
       (12,
        'In sagittis dui vel nisl. Duis ac nibh. Fusce lacus purus, aliquet at, feugiat non, pretium quis, lectus. Suspendisse potenti. In eleifend quam a odio. In hac habitasse platea dictumst. Maecenas ut massa quis augue luctus tincidunt.',
        'Dead End Drive-In', 199.68, 17.4, 1, 9),
       (13,
        'Duis bibendum. Morbi non quam nec dui luctus rutrum. Nulla tellus. In sagittis dui vel nisl. Duis ac nibh. Fusce lacus purus, aliquet at, feugiat non, pretium quis, lectus. Suspendisse potenti.',
        'Flaying, The (El Bosque de los Sometidos)', 311.77, 9.0, 4, 4),
       (14,
        'Nulla tempus. Vivamus in felis eu sapien cursus vestibulum. Proin eu mi. Nulla ac enim. In tempor, turpis nec euismod scelerisque, quam turpis adipiscing lorem, vitae mattis nibh ligula nec sem. Duis aliquam convallis nunc. Proin at turpis a pede posuere nonummy.',
        'Party Girl', 1019.78, 9.2, 2, 6),
       (15,
        'Maecenas tristique, est et tempus semper, est quam pharetra magna, ac consequat metus sapien ut nunc. Vestibulum ante ipsum primis in faucibus orci luctus et ultrices posuere cubilia Curae; Mauris viverra diam vitae quam. Suspendisse potenti. Nullam porttitor lacus at turpis. Donec posuere metus vitae ipsum. Aliquam non mauris.',
        'Tukkijoella', 1622.21, 18.6, 3, 6),
       (16, 'In blandit ultrices enim.', 'Paisan (Paisà)', 493.74, 4.2, 4, 6),
       (17,
        'Phasellus sit amet erat. Nulla tempus. Vivamus in felis eu sapien cursus vestibulum. Proin eu mi. Nulla ac enim. In tempor, turpis nec euismod scelerisque, quam turpis adipiscing lorem, vitae mattis nibh ligula nec sem.',
        'Needful Things', 443.56, 23.5, 2, 10),
       (18,
        'Nam nulla. Integer pede justo, lacinia eget, tincidunt eget, tempus vel, pede. Morbi porttitor lorem id ligula. Suspendisse ornare consequat lectus.',
        'And While We Were Here', 970.96, 21.6, 5, 1),
       (19,
        'Suspendisse potenti. Nullam porttitor lacus at turpis. Donec posuere metus vitae ipsum. Aliquam non mauris. Morbi non lectus. Aliquam sit amet diam in magna bibendum imperdiet. Nullam orci pede, venenatis non, sodales sed, tincidunt eu, felis.',
        'Kiss of the Spider Woman', 613.05, 6.5, 5, 3),
       (20,
        'Maecenas tincidunt lacus at velit. Vivamus vel nulla eget eros elementum pellentesque. Quisque porta volutpat erat. Quisque erat eros, viverra eget, congue eget, semper rutrum, nulla. Nunc purus. Phasellus in felis. Donec semper sapien a libero. Nam dui. Proin leo odio, porttitor id, consequat in, consequat ut, nulla. Sed accumsan felis.',
        'Lost Patrol, The', 421.75, 15.5, 4, 5),
       (21,
        'Etiam pretium iaculis justo. In hac habitasse platea dictumst. Etiam faucibus cursus urna. Ut tellus. Nulla ut erat id mauris vulputate elementum. Nullam varius.',
        'Breathless (À bout de souffle)', 1033.77, 13.2, 4, 5),
       (22,
        'Proin risus. Praesent lectus. Vestibulum quam sapien, varius ut, blandit non, interdum in, ante. Vestibulum ante ipsum primis in faucibus orci luctus et ultrices posuere cubilia Curae; Duis faucibus accumsan odio. Curabitur convallis. Duis consequat dui nec nisi volutpat eleifend. Donec ut dolor. Morbi vel lectus in quam fringilla rhoncus. Mauris enim leo, rhoncus sed, vestibulum sit amet, cursus id, turpis. Integer aliquet, massa id lobortis convallis, tortor risus dapibus augue, vel accumsan tellus nisi eu orci.',
        'White God (Fehér isten)', 1941.95, 6.1, 4, 5),
       (23,
        'In tempor, turpis nec euismod scelerisque, quam turpis adipiscing lorem, vitae mattis nibh ligula nec sem. Duis aliquam convallis nunc. Proin at turpis a pede posuere nonummy. Integer non velit. Donec diam neque, vestibulum eget, vulputate ut, ultrices vel, augue. Vestibulum ante ipsum primis in faucibus orci luctus et ultrices posuere cubilia Curae; Donec pharetra, magna vestibulum aliquet ultrices, erat tortor sollicitudin mi, sit amet lobortis sapien sapien non mi. Integer ac neque.',
        'Way Home, The (Jibeuro)', 217.24, 2.8, 2, 5),
       (24,
        'Phasellus in felis. Donec semper sapien a libero. Nam dui. Proin leo odio, porttitor id, consequat in, consequat ut, nulla. Sed accumsan felis. Ut at dolor quis odio consequat varius. Integer ac leo. Pellentesque ultrices mattis odio. Donec vitae nisi. Nam ultrices, libero non mattis pulvinar, nulla pede ullamcorper augue, a suscipit nulla elit ac nulla.',
        'Phantasm II', 517.61, 11.7, 3, 1),
       (25,
        'Nullam orci pede, venenatis non, sodales sed, tincidunt eu, felis. Fusce posuere felis sed lacus. Morbi sem mauris, laoreet ut, rhoncus aliquet, pulvinar sed, nisl. Nunc rhoncus dui vel sem. Sed sagittis. Nam congue, risus semper porta volutpat, quam pede lobortis ligula, sit amet eleifend pede libero quis orci. Nullam molestie nibh in lectus. Pellentesque at nulla. Suspendisse potenti.',
        'Life Itself', 854.75, 17.6, 3, 5),
       (26,
        'Duis ac nibh. Fusce lacus purus, aliquet at, feugiat non, pretium quis, lectus. Suspendisse potenti. In eleifend quam a odio. In hac habitasse platea dictumst. Maecenas ut massa quis augue luctus tincidunt. Nulla mollis molestie lorem. Quisque ut erat.',
        'Soul of Bread, The (Ai de mian bao hun)', 1361.53, 2.2, 1, 6),
       (27,
        'Curabitur convallis. Duis consequat dui nec nisi volutpat eleifend. Donec ut dolor. Morbi vel lectus in quam fringilla rhoncus. Mauris enim leo, rhoncus sed, vestibulum sit amet, cursus id, turpis. Integer aliquet, massa id lobortis convallis, tortor risus dapibus augue, vel accumsan tellus nisi eu orci. Mauris lacinia sapien quis libero. Nullam sit amet turpis elementum ligula vehicula consequat. Morbi a ipsum.',
        'One Point O', 332.57, 20.5, 3, 5),
       (28,
        'Aenean fermentum. Donec ut mauris eget massa tempor convallis. Nulla neque libero, convallis eget, eleifend luctus, ultricies eu, nibh. Quisque id justo sit amet sapien dignissim vestibulum. Vestibulum ante ipsum primis in faucibus orci luctus et ultrices posuere cubilia Curae; Nulla dapibus dolor vel est. Donec odio justo, sollicitudin ut, suscipit a, feugiat et, eros. Vestibulum ac est lacinia nisi venenatis tristique. Fusce congue, diam id ornare imperdiet, sapien urna pretium nisl, ut volutpat sapien arcu sed augue.',
        'Bad Eggs', 152.23, 9.6, 4, 6),
       (29,
        'Duis ac nibh. Fusce lacus purus, aliquet at, feugiat non, pretium quis, lectus. Suspendisse potenti. In eleifend quam a odio. In hac habitasse platea dictumst. Maecenas ut massa quis augue luctus tincidunt. Nulla mollis molestie lorem. Quisque ut erat. Curabitur gravida nisi at nibh. In hac habitasse platea dictumst.',
        'Jungle2Jungle (a.k.a. Jungle 2 Jungle)', 1465.05, 20.6, 3, 2),
       (30, 'Cras mi pede, malesuada in, imperdiet et, commodo vulputate, justo.', 'Crash', 1919.83, 11.6, 1, 5),
       (31, 'Nullam varius. Nulla facilisi. Cras non velit nec nisi vulputate nonummy.',
        'Thick-Walled Room, The (Kabe atsuki heya)', 819.13, 11.8, 5, 4),
       (32,
        'Maecenas leo odio, condimentum id, luctus nec, molestie sed, justo. Pellentesque viverra pede ac diam. Cras pellentesque volutpat dui. Maecenas tristique, est et tempus semper, est quam pharetra magna, ac consequat metus sapien ut nunc. Vestibulum ante ipsum primis in faucibus orci luctus et ultrices posuere cubilia Curae; Mauris viverra diam vitae quam. Suspendisse potenti. Nullam porttitor lacus at turpis.',
        'Steam Experiment, The', 245.12, 18.0, 5, 3),
       (33,
        'Morbi odio odio, elementum eu, interdum eu, tincidunt in, leo. Maecenas pulvinar lobortis est. Phasellus sit amet erat. Nulla tempus. Vivamus in felis eu sapien cursus vestibulum. Proin eu mi. Nulla ac enim. In tempor, turpis nec euismod scelerisque, quam turpis adipiscing lorem, vitae mattis nibh ligula nec sem. Duis aliquam convallis nunc. Proin at turpis a pede posuere nonummy.',
        'Gone in 60 Seconds', 1069.1, 1.1, 3, 7),
       (34,
        'Quisque id justo sit amet sapien dignissim vestibulum. Vestibulum ante ipsum primis in faucibus orci luctus et ultrices posuere cubilia Curae; Nulla dapibus dolor vel est.',
        'Legendary Weapons of China', 552.04, 16.6, 2, 6),
       (35, 'Fusce congue, diam id ornare imperdiet, sapien urna pretium nisl, ut volutpat sapien arcu sed augue.',
        'Mr. Saturday Night', 1793.26, 18.9, 4, 6),
       (36, 'Aliquam non mauris.', 'Snakes on a Plane', 687.24, 9.7, 3, 5),
       (37,
        'Integer ac neque. Duis bibendum. Morbi non quam nec dui luctus rutrum. Nulla tellus. In sagittis dui vel nisl. Duis ac nibh. Fusce lacus purus, aliquet at, feugiat non, pretium quis, lectus.',
        'Godfather', 849.23, 19.9, 5, 10),
       (38,
        'Phasellus sit amet erat. Nulla tempus. Vivamus in felis eu sapien cursus vestibulum. Proin eu mi. Nulla ac enim. In tempor, turpis nec euismod scelerisque, quam turpis adipiscing lorem, vitae mattis nibh ligula nec sem.',
        'Deathtrap', 1611.91, 18.6, 5, 1),
       (39, 'Aliquam erat volutpat. In congue. Etiam justo.', 'Hovering Over the Water (À Flor do Mar)', 1225.69, 9.3,
        4, 9),
       (40,
        'Etiam pretium iaculis justo. In hac habitasse platea dictumst. Etiam faucibus cursus urna. Ut tellus. Nulla ut erat id mauris vulputate elementum.',
        'Rush', 614.67, 8.5, 2, 8),
       (41,
        'Suspendisse potenti. Cras in purus eu magna vulputate luctus. Cum sociis natoque penatibus et magnis dis parturient montes, nascetur ridiculus mus. Vivamus vestibulum sagittis sapien. Cum sociis natoque penatibus et magnis dis parturient montes, nascetur ridiculus mus. Etiam vel augue. Vestibulum rutrum rutrum neque. Aenean auctor gravida sem.',
        'When Strangers Appear', 644.51, 20.5, 4, 9),
       (42,
        'Ut at dolor quis odio consequat varius. Integer ac leo. Pellentesque ultrices mattis odio. Donec vitae nisi. Nam ultrices, libero non mattis pulvinar, nulla pede ullamcorper augue, a suscipit nulla elit ac nulla. Sed vel enim sit amet nunc viverra dapibus. Nulla suscipit ligula in lacus. Curabitur at ipsum ac tellus semper interdum. Mauris ullamcorper purus sit amet nulla. Quisque arcu libero, rutrum ac, lobortis vel, dapibus at, diam.',
        'Adjust Your Tracking', 698.51, 11.1, 3, 5),
       (43, 'Praesent id massa id nisl venenatis lacinia. Aenean sit amet justo. Morbi ut odio.', 'Solino', 1193.36,
        13.6, 4, 5),
       (44,
        'Proin eu mi. Nulla ac enim. In tempor, turpis nec euismod scelerisque, quam turpis adipiscing lorem, vitae mattis nibh ligula nec sem. Duis aliquam convallis nunc. Proin at turpis a pede posuere nonummy.',
        'Electric Dragon 80.000 V', 679.45, 7.3, 5, 6),
       (45, 'Duis mattis egestas metus. Aenean fermentum. Donec ut mauris eget massa tempor convallis.',
        'Voices of a Distant Star (Hoshi no koe)', 999.35, 11.8, 2, 8),
       (46, 'auctor velit. Aliquam nisl. Nulla eu neque pellentesque massa lobortis', 'Dell Latitude E5570', 649.22, 4,
        1, 1),
       (47, 'orci, consectetuer euismod est arcu ac orci. Ut semper pretium', 'Asus Zenbook', 916.11, 2, 1, 3),
       (48, 'enim. Etiam imperdiet dictum magna. Ut tincidunt orci quis lectus.', 'HP Omen', 782.00, 3, 1, 2),
       (49, 'at lacus. Quisque purus sapien, gravida non, sollicitudin a, malesuada', 'Pegas', 644.99, 14, 3, 4),
       (50, 'Morbi non sapien molestie orci tincidunt adipiscing. Mauris molestie pharetra', 'Bose QC35', 403.32, 1, 2,
        5);

INSERT INTO STOCK (id, product_id, location_id, quantity)
VALUES (1, 25, 8, 111),
       (2, 31, 6, 21),
       (3, 17, 8, 34),
       (4, 41, 3, 46),
       (5, 37, 2, 545),
       (6, 20, 7, 64),
       (7, 30, 2, 722),
       (8, 23, 10, 845),
       (9, 40, 2, 911),
       (10, 30, 9, 101),
       (11, 44, 4, 111),
       (12, 16, 4, 121),
       (13, 12, 2, 131),
       (14, 18, 10, 141),
       (15, 7, 7, 151),
       (16, 16, 4, 161),
       (17, 50, 5, 172),
       (18, 10, 2, 183),
       (19, 25, 6, 195),
       (20, 31, 8, 204),
       (21, 9, 8, 217),
       (22, 44, 10, 232),
       (23, 14, 10, 213),
       (24, 29, 1, 24),
       (25, 17, 2, 25),
       (26, 18, 2, 26),
       (27, 24, 9, 27),
       (28, 37, 8, 28),
       (29, 7, 5, 29),
       (30, 36, 7, 30),
       (31, 13, 9, 31),
       (32, 42, 10, 32),
       (33, 7, 10, 33),
       (34, 3, 1, 34),
       (35, 6, 3, 35),
       (36, 24, 7, 36),
       (37, 44, 9, 37),
       (38, 32, 9, 38),
       (39, 26, 3, 39),
       (40, 2, 2, 420),
       (41, 1, 8, 41),
       (42, 3, 5, 421),
       (43, 23, 5, 43),
       (44, 30, 7, 434),
       (45, 19, 5, 45),
       (46, 45, 8, 46),
       (47, 24, 7, 47),
       (48, 32, 9, 48),
       (49, 46, 1, 419),
       (50, 24, 4, 50),
       (51, 13, 7, 51),
       (52, 5, 5, 52),
       (53, 11, 4, 533),
       (54, 11, 8, 54),
       (55, 27, 4, 55),
       (56, 43, 2, 56),
       (57, 33, 6, 517),
       (58, 46, 10, 58),
       (59, 46, 7, 59),
       (60, 41, 10, 60),
       (61, 31, 4, 611),
       (62, 14, 9, 162),
       (63, 41, 10, 63),
       (64, 14, 3, 614),
       (65, 27, 2, 65),
       (66, 1, 6, 661),
       (67, 22, 6, 167),
       (68, 36, 2, 168),
       (69, 9, 5, 69),
       (70, 33, 3, 170),
       (71, 17, 3, 71),
       (72, 13, 6, 72),
       (73, 34, 8, 173),
       (74, 17, 7, 714),
       (75, 46, 2, 375),
       (76, 47, 7, 176),
       (77, 11, 7, 177),
       (78, 37, 6, 278),
       (79, 27, 5, 79),
       (80, 20, 1, 280),
       (81, 41, 10, 381),
       (82, 48, 6, 812),
       (83, 13, 10, 483),
       (84, 35, 8, 84),
       (85, 25, 6, 585),
       (86, 41, 6, 86),
       (87, 36, 7, 687),
       (88, 45, 3, 88),
       (89, 3, 5, 189),
       (90, 49, 10, 90),
       (91, 44, 1, 191),
       (92, 2, 9, 912),
       (93, 34, 3, 913),
       (94, 17, 10, 294),
       (95, 50, 7, 195),
       (96, 36, 3, 96),
       (97, 50, 4, 397),
       (98, 27, 2, 98),
       (99, 44, 6, 499),
       (100, 15, 9, 1001);

INSERT INTO ORDERS (id, city, country, county, street, customer_id)
VALUES (1, 'Antalaha', 'Madagascar', null, 'Hovde', 6),
       (2, 'Strohonivka', 'Ukraine', null, 'Myrtle', 7),
       (3, 'Yangqing', 'China', null, 'Westerfield', 9),
       (4, 'Fengshan', 'China', null, 'Donald', 9),
       (5, 'Sampaio', 'Portugal', 'Setúbal', 'Ilene', 6),
       (6, 'Arendal', 'Norway', 'Aust-Agder', 'Bluestem', 10),
       (7, 'Idanha-a-Nova', 'Portugal', 'Castelo Branco', 'Arapahoe', 5),
       (8, 'Lgota Wielka', 'Poland', null, 'Lawn', 1),
       (9, 'Baiquesi', 'China', null, 'Meadow Valley', 8),
       (10, 'Gramaços', 'Portugal', 'Coimbra', 'Green', 3),
       (11, 'Dugu', 'China', null, 'Ruskin', 7),
       (12, 'Muruy', 'Indonesia', null, 'Muir', 5),
       (13, 'Cibitung', 'Indonesia', null, 'Duke', 2),
       (14, 'Kapuan', 'Indonesia', null, 'Derek', 9),
       (15, 'Bondoufle', 'France', 'Île-de-France', 'Westridge', 6),
       (16, 'Peresvet', 'Russia', null, 'Barnett', 9),
       (17, 'Tipo-Tipo', 'Philippines', null, 'Schmedeman', 5),
       (18, 'Birqīn', 'Palestinian Territory', null, 'Stone Corner', 10),
       (19, 'Xiadahe', 'China', null, 'Gale', 7),
       (20, 'Tabatinga', 'Brazil', null, 'Hauk', 8),
       (21, 'Simenqian', 'China', null, 'Graceland', 9),
       (22, 'Si Somdet', 'Thailand', null, 'Hallows', 2),
       (23, 'Bethlehem', 'United States', 'Pennsylvania', 'Merry', 9),
       (24, 'Gombong', 'Indonesia', null, 'Clarendon', 9),
       (25, 'Uyutne', 'Ukraine', null, 'Aberg', 1),
       (26, 'Luojiang', 'China', null, 'Declaration', 5),
       (27, 'Pokrzywnica', 'Poland', null, 'Shoshone', 10),
       (28, 'Bandar-e Ganāveh', 'Iran', null, 'Mockingbird', 10),
       (29, 'Khombole', 'Senegal', null, 'Russell', 9),
       (30, 'Quezon', 'Philippines', null, 'Grover', 8),
       (31, 'Phoenix', 'United States', 'Arizona', 'Melby', 6),
       (32, 'Jāwā', 'Jordan', null, 'Sauthoff', 3),
       (33, 'Yōkaichiba', 'Japan', null, 'Mitchell', 10),
       (34, 'Gorang', 'Indonesia', null, 'Arrowood', 5),
       (35, 'Gīdolē', 'Ethiopia', null, 'Sutteridge', 10),
       (36, 'Rybatskoye', 'Russia', null, 'Carberry', 2),
       (37, 'Huaccana', 'Peru', null, 'Oakridge', 4),
       (38, 'Seixo Alvo', 'Portugal', 'Porto', 'Forest Run', 8),
       (39, 'Tuymazy', 'Russia', null, 'Waywood', 7),
       (40, 'Bunga Mas', 'Indonesia', null, 'Ridge Oak', 3),
       (41, 'Zblewo', 'Poland', null, 'Summit', 6),
       (42, 'Tunbao', 'China', null, 'Sycamore', 7),
       (43, 'Andradina', 'Brazil', null, 'Pepper Wood', 10),
       (44, 'Hammam Sousse', 'Tunisia', null, 'Colorado', 4),
       (45, 'Mislak', 'Indonesia', null, 'Annamark', 2);

insert into ORDER_LOCATION (order_id, location_id)
values (1, 7),
       (2, 1),
       (3, 10),
       (3, 3),
       (3, 6),
       (4, 2),
       (5, 9),
       (6, 6),
       (7, 7),
       (8, 7),
       (9, 9),
       (10, 9),
       (11, 7),
       (12, 1),
       (13, 3),
       (14, 6),
       (15, 6),
       (16, 9),
       (17, 7),
       (18, 8),
       (19, 10),
       (20, 9),
       (21, 3),
       (22, 9),
       (23, 6),
       (24, 5),
       (25, 10),
       (26, 7),
       (27, 10),
       (28, 8),
       (29, 6),
       (30, 2),
       (31, 1),
       (32, 3),
       (33, 6),
       (34, 1),
       (35, 8),
       (36, 8),
       (37, 2),
       (38, 1),
       (39, 1),
       (40, 1),
       (41, 3),
       (42, 1),
       (43, 6),
       (44, 6),
       (45, 8);

insert into ORDER_DETAIL (id, quantity, order_id, product_id)
values (1, 16, 3, 29),
       (2, 4, 18, 48),
       (3, 10, 44, 15),
       (4, 5, 4, 26),
       (5, 9, 20, 24),
       (6, 10, 30, 1),
       (7, 14, 11, 14),
       (8, 12, 14, 28),
       (9, 18, 10, 11),
       (10, 8, 35, 43),
       (11, 3, 44, 46),
       (12, 12, 19, 1),
       (13, 7, 1, 20),
       (14, 21, 20, 36),
       (15, 20, 3, 29),
       (16, 7, 9, 47),
       (17, 8, 29, 48),
       (18, 12, 44, 11),
       (19, 21, 16, 7),
       (20, 17, 43, 25),
       (21, 16, 37, 3),
       (22, 14, 10, 7),
       (23, 3, 1, 9),
       (24, 17, 28, 31),
       (25, 9, 35, 20),
       (26, 13, 9, 4),
       (27, 4, 18, 38),
       (28, 16, 6, 13),
       (29, 9, 5, 27),
       (30, 18, 8, 10),
       (31, 12, 27, 31),
       (32, 5, 41, 3),
       (33, 15, 22, 19),
       (34, 5, 30, 44),
       (35, 4, 29, 14),
       (36, 4, 34, 34),
       (37, 12, 19, 5),
       (38, 17, 32, 44),
       (39, 5, 40, 22),
       (40, 14, 25, 22),
       (41, 7, 5, 3),
       (42, 19, 1, 42),
       (43, 10, 39, 20),
       (44, 17, 28, 31),
       (45, 13, 5, 27);






